chromosome	chromosome_start	mutated_from_allele	mutated_to_allele	test1	test2
13	110830258	C	T	A	
1	103573727	G	A	A	
1	159175674	T	A	A	
4	2065765	G	A		B
4	2065765	G	A		B
11	118065083	T	G		B
11	118065083	T	G	A	B
11	118065083	T	G	A	B
11	119210352	C	T		B
13	46287441	G	A	A	B
13	46287441	G	A	A	B
3	180326573	C	T	A	B
1	103488501	A	C	A	
1	103488501	A	C	A	B
11	118111081	C	T	A	B
3	179322725	C	A	A	B
1	98144682	T	G		B
15	49034267	T	G	A	
15	49034267	T	G	A	B
15	49034267	T	G	A	B
15	49034267	T	G		B
1	21903017	C	A	A	B
1	21903017	C	A	A	B
1	21903017	C	A		B
1	21903017	C	A		B
1	21903017	C	A	A	B
1	21903017	C	A	A	B
1	46083154	G	C	A	B
1	46083154	G	C	A	
12	72969158	G	A	A	
12	72969158	G	A		B
12	72969158	G	A	A	B
12	113704042	G	A	A	
12	113704042	G	A	A	B
1	205042816	C	T	A	
1	205042816	C	T		B
3	47890294	C	A	A	
3	47890294	C	A	A	
11	68821554	G	T	A	B
1	46083153	A	T	A	B
1	46083153	A	T	A	B
1	46083153	A	T		B
22	47103776	C	T		B
22	47103776	C	T	A	B
8	134251206	C	T	A	
8	134251206	C	T	A	B
8	134251206	C	T	A	B
8	134251206	C	T	A	B
8	134251206	C	T	A	B
12	129190722	C	T	A	B
3	20212538	G	A	A	
16	4933501	A	G	A	
5	140480822	G	A	A	
6	10400775	C	T	A	
6	10400775	C	T	A	B
6	10400775	C	T	A	B
6	10400775	C	T		B
6	10400775	C	T	A	
6	10400775	C	T	A	
6	10400775	C	T		B
2	105959604	C	T	A	
7	135099136	C	T		B
13	98658447	G	A	A	B
13	98658447	G	A	A	B
1	47583547	C	T	A	
1	47583547	C	T	A	B
12	51497497	C	T	A	B
12	51497497	C	T		B
12	51497497	C	T	A	
18	56202169	C	A	A	B
18	56202169	C	A	A	B
12	124810740	C	T	A	B
12	124810740	C	T	A	
12	124810740	C	T	A	B
12	124810740	C	T		B
12	124810740	C	T	A	
12	124810740	C	T	A	
12	124810740	C	T	A	
9	86585198	G	A	A	B
9	86585198	G	A	A	B
9	86585198	G	A	A	B
9	86585198	G	A	A	
9	86585198	G	A		B
17	27041916	C	T	A	
11	112041370	T	G	A	B
16	24922733	C	T	A	B
16	24922733	C	T	A	B
2	233321344	G	A	A	B
11	112041244	G	T	A	B
1	47614387	G	A		B
1	47614387	G	A		B
1	47614387	G	A	A	B
4	56846363	C	T	A	B
2	161133816	C	T	A	
2	74043233	T	C	A	B
2	99013338	C	T	A	
2	99013338	C	T		B
2	99013338	C	T	A	B
2	99013338	C	T	A	
2	99013338	C	T	A	
11	67266143	C	T	A	
10	70451486	C	T	A	B
9	740846	C	A	A	B
9	740846	C	A	A	
22	17623996	C	T	A	B
11	108381870	G	T	A	
13	20038603	G	T	A	
11	78423549	T	A	A	B
3	44285910	A	G	A	
10	99132856	G	A	A	
5	133914376	G	A	A	
21	37788614	C	T	A	B
21	10906912	G	A		B
14	37132336	C	T	A	
2	188361689	C	T		B
2	188361689	C	T	A	B
1	110735195	G	A	A	B
3	178936083	A	C		B
3	178936083	A	C	A	
3	178936083	A	C	A	
3	178936083	A	C		B
21	10920116	C	T		B
21	10920116	C	T		B
21	10920116	C	T	A	
21	10920116	C	T		B
21	10920116	C	T	A	
21	10920116	C	T	A	B
21	10920116	C	T	A	B
21	10920116	C	T	A	B
21	10920116	C	T		B
21	10920116	C	T	A	
21	10920116	C	T		B
21	10920116	C	T	A	B
21	10920116	C	T		B
21	10920116	C	T	A	B
21	10920116	C	T		B
X	123517769	C	A		B
X	123517769	C	A	A	B
7	77210798	A	T	A	B
7	77210798	A	T	A	B
18	3456483	C	A	A	
18	3456483	C	A	A	
18	3456483	C	A	A	B
18	3456483	C	A	A	B
18	3456483	C	A	A	B
12	133198305	C	T		B
12	133198305	C	T	A	B
1	86818559	C	T		B
3	145914460	G	A		B
6	30619174	G	A	A	B
6	30619174	G	A	A	B
6	30619174	G	A	A	B
6	30619174	G	A		B
21	10934966	C	T	A	
21	10934966	C	T	A	B
21	10934966	C	T	A	
21	10934966	C	T	A	B
21	10934966	C	T	A	B
21	10934966	C	T	A	B
21	10934966	C	T		B
21	10934966	C	T	A	B
21	10934966	C	T		B
21	10934966	C	T	A	B
21	10934966	C	T	A	B
21	10934966	C	T	A	B
21	10934966	C	T	A	B
21	10934966	C	T	A	
21	10934966	C	T	A	B
21	10934966	C	T	A	B
21	10934966	C	T	A	
21	10934966	C	T		B
21	10934966	C	T	A	B
21	10934966	C	T	A	
21	10934966	C	T		B
21	10934966	C	T	A	B
21	10934966	C	T	A	
21	10934966	C	T	A	B
21	10934966	C	T	A	
21	10934966	C	T	A	B
21	10934966	C	T	A	
21	10934966	C	T	A	
21	10934966	C	T	A	
18	3456494	G	T		B
11	113126644	G	T		B
2	3743322	G	A	A	B
12	80190988	C	T	A	B
12	80190988	C	T	A	B
8	61774818	A	C	A	B
3	47038013	G	A	A	B
8	26220346	T	G		B
8	26220346	T	G	A	
1	228528898	C	A	A	B
8	97311998	A	G	A	
8	97311998	A	G		B
11	121478832	G	A	A	B
11	121478832	G	A		B
11	121478832	G	A		B
21	36081038	G	A		B
22	26860581	C	T	A	B
22	26860581	C	T	A	
11	32955428	G	A		B
12	120591040	C	A	A	B
3	49866639	C	T	A	
10	105363372	C	T	A	
10	105363372	C	T	A	
19	46879757	A	G	A	B
15	43531095	G	T	A	B
8	38374007	C	A	A	
X	153716184	C	T	A	
1	224475578	G	A	A	B
1	224475578	G	A		B
1	224475578	G	A	A	B
14	92470193	G	A	A	
6	128135008	C	T	A	B
6	128135008	C	T	A	B
16	1506149	G	A	A	
8	27315867	G	A		B
4	186560143	C	T	A	B
10	50870825	C	A	A	B
5	36679892	C	T	A	B
5	36679892	C	T	A	
16	90037863	C	A	A	
X	50376606	G	A	A	B
1	86951243	C	T	A	B
8	70617447	T	C		B
8	70617447	T	C	A	B
11	105929626	G	A		B
11	105929626	G	A	A	
7	47968840	C	T		B
2	48873959	G	T	A	
11	82560211	T	G	A	
4	128651816	C	T		B
11	129802035	T	C	A	
11	129802035	T	C	A	B
11	129802035	T	C	A	
11	129802035	T	C	A	B
11	129802035	T	C	A	B
7	45007535	C	T		B
3	36897091	C	A	A	
3	36897091	C	A	A	B
1	163306559	G	A	A	B
1	163306559	G	A		B
4	20598096	A	T		B
10	70737298	G	A		B
10	25312556	A	C	A	B
2	152349890	G	A	A	
2	152349890	G	A	A	
2	152349890	G	A	A	B
2	152349890	G	A		B
2	152349890	G	A	A	
2	152349890	G	A		B
13	86369451	C	T	A	B
9	141016353	C	T	A	B
9	141016353	C	T		B
9	141016353	C	T		B
9	141016353	C	T		B
9	141016353	C	T	A	
9	141016353	C	T		B
9	141016353	C	T	A	
9	141016353	C	T		B
11	75511497	G	A	A	B
17	40706777	G	A		B
12	106464662	A	G	A	B
2	1843050	C	T	A	B
11	77774957	G	T	A	B
11	77774957	G	T	A	B
11	129827744	C	T		B
3	101117802	C	T	A	B
11	67432828	G	A		B
11	67432828	G	A		B
18	29410915	G	A	A	
19	42796600	G	A	A	B
19	35836571	G	A	A	B
19	35836571	G	A	A	
19	35836571	G	A	A	B
19	35836571	G	A	A	B
19	35836571	G	A		B
19	35836571	G	A	A	
3	37367243	A	G		B
3	37367243	A	G	A	
2	165986559	C	T	A	B
12	105431885	C	T	A	B
12	105431885	C	T		B
18	29489639	C	T	A	B
18	29489639	C	T	A	B
18	29489639	C	T		B
18	29489639	C	T		B
18	29489639	C	T	A	B
18	29489639	C	T	A	B
18	29489639	C	T	A	
18	29489639	C	T	A	B
11	71725932	C	T	A	B
10	75583813	A	G	A	B
20	1277811	G	A	A	B
20	1277811	G	A	A	B
20	1277811	G	A	A	B
2	128347770	G	A	A	B
22	36745106	A	G	A	B
X	148039966	C	T		B
X	148039966	C	T	A	B
X	148039966	C	T	A	B
14	65009360	A	T	A	B
12	8673818	A	T		B
3	62522163	C	T	A	B
4	87024394	T	A	A	
4	87024394	T	A	A	B
19	47193909	C	T	A	
19	47193909	C	T	A	B
19	5694890	C	T	A	B
19	5694890	C	T	A	B
19	5694890	C	T	A	B
3	105264113	T	G		B
3	105264113	T	G	A	B
3	105264113	T	G	A	B
16	20749077	C	T	A	B
5	147593551	A	G	A	B
2	63283384	T	A	A	B
17	2186045	G	T		B
17	2186045	G	T	A	B
1	22169837	G	A	A	
2	24531579	C	A	A	B
2	24531579	C	A	A	
X	114424633	G	A	A	
3	50416594	T	C	A	B
22	36678737	C	T		B
13	109318471	C	T	A	
6	41165918	C	T	A	
6	41165918	C	T		B
6	41165918	C	T	A	B
1	203194227	G	T	A	B
6	87725456	C	T		B
13	98645474	A	G		B
6	106553111	C	T	A	B
6	106553111	C	T	A	B
6	106553111	C	T	A	B
6	106553111	C	T	A	B
6	106553111	C	T		B
6	106553111	C	T	A	B
2	55529164	T	C	A	
2	55529164	T	C		B
2	55529164	T	C		B
12	72771779	G	A	A	B
12	72771779	G	A	A	
5	16694613	C	T		B
5	16694613	C	T	A	B
5	16694613	C	T	A	B
5	16694613	C	T	A	B
5	16694613	C	T		B
5	16694613	C	T	A	B
5	16694613	C	T	A	B
5	16694613	C	T	A	
5	16694613	C	T	A	
5	16694613	C	T	A	B
5	16694613	C	T	A	B
5	16694613	C	T	A	
1	161201119	C	A	A	B
20	10273541	C	T	A	B
20	10273541	C	T	A	B
2	130913677	G	A		B
2	130913677	G	A		B
2	130913677	G	A	A	
2	130913677	G	A	A	B
2	130913677	G	A	A	
15	45661631	T	A	A	
15	45661631	T	A	A	
2	55252285	C	T	A	B
2	55252285	C	T	A	B
12	72863610	G	T		B
5	147889179	C	T	A	
8	70536395	G	A	A	B
7	91699381	A	G		B
7	91699381	A	G		B
17	10431067	G	A	A	
10	53822352	T	C	A	B
4	48082098	T	A		B
4	164394012	G	A	A	
4	164394012	G	A		B
4	164394012	G	A		B
2	39088655	C	A	A	
1	153653162	C	T	A	B
1	153653162	C	T		B
20	35788533	C	T	A	B
20	35788533	C	T		B
20	35788533	C	T	A	
20	35788533	C	T	A	
20	35788533	C	T		B
20	35788533	C	T		B
20	35788533	C	T		B
20	35788533	C	T	A	
20	35788533	C	T	A	
20	35788533	C	T	A	
2	171850426	C	T	A	B
6	88854141	C	T	A	B
6	88854141	C	T		B
6	88854141	C	T	A	B
4	8307777	G	A	A	B
4	122737961	C	T	A	B
4	121739679	C	T		B
4	121739679	C	T	A	B
4	121739679	C	T	A	
4	121739679	C	T	A	B
15	68497593	C	T	A	
6	105198346	G	A		B
16	15829229	T	C	A	B
16	15829229	T	C	A	B
12	133245438	C	T	A	B
7	148080915	C	T		B
7	148080915	C	T	A	
7	148080915	C	T		B
X	49961557	C	A	A	B
8	116426339	G	A	A	B
X	49958601	G	A	A	B
X	49958601	G	A		B
4	154197268	A	C	A	
17	4883211	G	A		B
17	4883211	G	A	A	
12	21531214	A	G	A	B
12	21531214	A	G	A	
8	121554135	T	G	A	B
11	124971195	A	T	A	
11	124971195	A	T	A	B
7	150217906	A	G		B
3	124416493	G	A		B
3	124416493	G	A	A	B
3	124416493	G	A		B
3	124416493	G	A	A	
6	46828615	G	A		B
3	12854815	C	A	A	B
19	54377099	G	A		B
2	203167772	G	A	A	B
2	28823702	T	G		B
1	220310239	G	A		B
6	151671598	G	T		B
6	151671598	G	T	A	
6	151671598	G	T	A	B
11	124971194	G	A	A	B
11	124971194	G	A	A	B
16	27761367	G	A	A	
22	37902210	T	G	A	B
22	37902210	T	G	A	
6	151670055	A	G	A	B
6	151670055	A	G	A	B
6	151670055	A	G	A	
6	151670055	A	G	A	B
18	31709843	A	G	A	B
18	31709843	A	G		B
3	126226624	C	T		B
13	25671591	C	G		B
16	29855926	G	A	A	B
5	140782734	C	T	A	
5	140782734	C	T	A	
16	88718937	G	A	A	B
12	110019222	G	A	A	B
2	27503072	G	T	A	
2	27503072	G	T	A	
15	90631709	T	A	A	B
15	90631709	T	A		B
15	90631709	T	A	A	
2	27599214	G	A	A	B
2	27599214	G	A		B
7	29915498	C	T		B
7	29915498	C	T	A	B
7	29915498	C	T		B
4	101982313	C	G	A	
4	101982313	C	G		B
4	101982313	C	G	A	
7	2987392	C	T	A	
9	113459624	T	C	A	
9	113459624	T	C	A	B
4	57830572	C	A		B
4	57830572	C	A		B
1	222846724	T	G	A	B
8	39785599	A	C	A	B
11	65632737	G	A	A	B
11	65632737	G	A	A	B
11	65632737	G	A	A	B
11	65632737	G	A	A	
11	65632737	G	A	A	
11	65632737	G	A	A	B
11	65632737	G	A	A	B
19	13246155	G	A	A	
15	81637190	T	C		B
1	160264342	G	A	A	B
19	56423954	T	C		B
11	1267795	G	A	A	
11	1267795	G	A	A	B
8	67040615	G	T	A	B
15	81637352	C	T	A	B
12	23687264	C	A		B
12	23687264	C	A	A	B
12	23687264	C	A	A	
14	94087993	G	A	A	B
14	94087993	G	A	A	
14	94087993	G	A	A	
14	94087993	G	A		B
21	40778190	G	A	A	B
3	48612792	C	T	A	B
16	19509248	G	A	A	B
16	19509248	G	A		B
16	19509248	G	A	A	B
16	19509248	G	A	A	B
16	19509248	G	A	A	B
16	19509248	G	A	A	B
16	19509248	G	A	A	B
16	19509248	G	A	A	
8	67040677	A	C		B
12	65720665	C	T		B
12	65720665	C	T	A	
12	65720665	C	T	A	B
12	109072163	C	T	A	B
12	109072163	C	T	A	
12	109072163	C	T	A	B
12	109072163	C	T	A	B
12	109072163	C	T		B
9	27047359	A	G		B
11	62284920	T	G	A	B
11	66006688	G	A	A	
X	5821238	G	T	A	
X	5821238	G	T	A	B
6	153311175	C	T		B
8	101226128	G	A		B
2	12880882	G	A	A	
12	3659196	G	T	A	B
6	63990443	G	A	A	B
13	36869974	A	G	A	
1	165721402	C	T	A	
1	165721402	C	T	A	
1	165721402	C	T	A	
1	165721402	C	T	A	B
1	165721402	C	T	A	B
1	11273507	C	T	A	B
14	29237209	G	A		B
3	45636823	G	A	A	B
3	179046128	C	T	A	B
2	110015235	C	T	A	B
2	110015235	C	T	A	B
2	110015235	C	T	A	B
19	12963047	G	A		B
19	12963047	G	A	A	B
1	226475390	C	G	A	B
15	83215978	C	T		B
15	83215978	C	T	A	B
15	83215978	C	T		B
15	83215978	C	T	A	B
15	83215978	C	T	A	B
2	185802813	A	C	A	B
19	57840299	G	A		B
X	70367720	G	A	A	
8	68172102	G	T	A	B
8	68172102	G	T	A	
1	110563388	G	T		B
1	110563388	G	T	A	B
4	38988013	G	A	A	B
16	20570625	G	A	A	B
16	20570625	G	A	A	B
13	37012925	C	A	A	B
19	9046064	G	A	A	B
19	57722914	C	A	A	B
4	109680998	G	T	A	B
4	109680998	G	T	A	B
4	109680998	G	T	A	B
4	109680998	G	T	A	B
4	109680998	G	T	A	B
2	216964749	G	T	A	B
11	26586990	T	C	A	B
9	100757037	T	G	A	
7	75401461	G	T		B
1	230841903	G	T	A	B
1	230841903	G	T	A	B
19	57327044	G	T	A	B
19	57327044	G	T	A	B
19	57327044	G	T	A	B
19	57327044	G	T		B
4	100503173	G	A	A	B
4	100503173	G	A	A	B
4	100503173	G	A	A	
4	100503173	G	A	A	
4	100503173	G	A	A	B
11	4159452	A	T	A	
11	4159452	A	T	A	B
1	197391007	C	A		B
1	197391007	C	A		B
1	197391007	C	A	A	B
1	197391007	C	A		B
7	16839417	T	C	A	B
17	77768651	C	T		B
19	57065728	G	T	A	
19	57065728	G	T	A	B
13	25064849	C	T	A	B
2	118677966	G	A	A	B
19	6465557	A	G	A	B
17	78936325	G	C	A	B
19	5783126	C	G		B
3	119165904	C	T	A	B
7	86547849	G	C		B
14	92469971	C	A	A	B
1	196295983	A	G		B
19	56972063	G	A		B
19	56972063	G	A	A	B
19	11531843	T	C	A	B
19	11531843	T	C	A	
16	3807926	A	G	A	B
16	3807926	A	G		B
12	10999825	C	T	A	
4	84465702	G	A	A	B
4	84465702	G	A	A	B
4	84465702	G	A	A	B
4	57221393	G	A	A	
4	57221393	G	A	A	B
4	57221393	G	A	A	B
4	57221393	G	A	A	B
14	92471873	A	C	A	B
6	31598395	G	T	A	
X	71359489	G	T	A	B
19	57764533	G	A	A	
2	228388544	C	T	A	B
12	25260816	T	C		B
12	25260816	T	C	A	
3	138290122	C	T	A	
3	138290122	C	T	A	B
3	138290122	C	T		B
19	52376830	G	A		B
20	19664964	G	T	A	B
2	20518361	C	T	A	B
2	20518361	C	T		B
9	123533674	G	A		B
9	123533674	G	A	A	B
9	123533674	G	A		B
9	123533674	G	A	A	
6	44121527	C	T	A	
3	126135285	C	T	A	
12	5153695	G	A		B
5	156074525	C	A	A	B
14	92472348	G	A	A	B
1	54428054	A	G	A	
17	8647918	C	A		B
4	44177057	C	T		B
4	44177057	C	T	A	
4	44177057	C	T	A	B
7	4955654	G	A	A	B
1	34037281	C	T	A	B
1	34037281	C	T		B
1	34037281	C	T		B
1	34037281	C	T	A	B
4	68693101	C	A	A	B
4	68693101	C	A	A	B
6	31778966	C	T	A	B
4	74302047	G	T	A	B
11	10649554	C	T	A	B
11	10649554	C	T		B
6	84233537	G	A	A	B
12	13715969	G	T	A	
8	113275907	C	A		B
8	113275907	C	A	A	
8	113275907	C	A		B
8	113275907	C	A	A	B
17	29556250	C	T	A	B
10	105037912	A	T	A	B
X	153032872	C	T	A	
2	230705619	C	T	A	
19	52222515	G	A	A	B
6	43646286	C	T		B
7	12409608	A	T	A	B
4	74354403	C	A		B
4	74354403	C	A	A	B
19	49657000	C	T		B
1	6530331	C	A	A	
8	113960039	C	A	A	B
8	113960039	C	A	A	B
8	113960039	C	A	A	
8	113960039	C	A		B
8	113960039	C	A	A	B
20	44756787	T	A		B
6	116720421	C	T	A	B
11	15197354	G	A	A	B
5	90103544	G	A	A	B
5	90103544	G	A	A	B
10	86273469	A	T		B
1	185121027	C	A		B
1	185121027	C	A		B
18	12370897	T	G	A	B
2	241404521	G	A		B
2	241404521	G	A	A	B
6	31828967	G	T	A	
X	48924815	C	T	A	B
X	48924815	C	T	A	B
X	48924815	C	T		B
12	6346986	A	G	A	B
12	6346986	A	G	A	B
5	132270564	A	C	A	B
20	9370583	C	G	A	B
16	89986243	G	T		B
17	56349028	C	A	A	B
8	145027905	C	G		B
8	95869074	C	T	A	B
8	95869074	C	T	A	B
8	95869074	C	T	A	B
8	37823612	C	T	A	B
22	39884097	C	T	A	B
1	173157675	T	G		B
19	46914890	G	A	A	B
6	159677660	C	T	A	B
6	159677660	C	T	A	
8	43054635	C	A	A	B
8	43054635	C	A		B
8	43054635	C	A	A	
8	43054635	C	A	A	
1	43805050	A	G	A	
6	159653117	C	A	A	
1	112031338	C	T	A	B
1	112031338	C	T	A	B
19	14706127	G	A	A	
8	28638469	C	T	A	B
17	61907835	G	A	A	
1	173157689	C	T	A	
1	173157689	C	T	A	B
1	173157689	C	T	A	
10	16942780	C	A	A	B
12	89818991	C	A	A	B
2	28843184	G	A	A	B
2	28843184	G	A	A	
3	64004637	G	A	A	B
3	64004637	G	A	A	B
7	33020089	C	T		B
7	33020089	C	T		B
1	74957901	G	A	A	B
1	74957901	G	A	A	B
1	74957901	G	A	A	B
4	99997935	G	A	A	B
9	71098912	C	T	A	B
2	54122811	A	G	A	
2	70890681	G	A		B
2	70890681	G	A		B
2	237406002	A	G		B
2	237406002	A	G		B
7	104750803	G	C		B
19	42856466	G	A	A	B
3	48577140	T	G	A	
16	77228855	C	T	A	B
8	72951189	G	A	A	
6	126211844	A	G	A	B
1	60106977	C	T	A	B
1	10714034	G	A		B
7	100839355	G	A	A	
7	100839355	G	A	A	
6	73951407	C	T	A	
6	73951407	C	T		B
6	73951407	C	T	A	B
1	175335148	G	A	A	B
18	63547862	C	T	A	
16	4042181	C	A	A	B
20	1108118	A	G	A	B
11	63986822	G	A	A	B
21	18933752	G	A	A	
6	37616839	C	T	A	B
11	92507224	G	A	A	
4	55155026	G	C	A	B
2	220423104	G	A	A	B
2	220423104	G	A	A	
3	159482843	G	T	A	B
17	7579451	G	A	A	B
1	227171485	G	A	A	B
1	227171485	G	A		B
1	227171485	G	A	A	B
1	227171485	G	A	A	B
10	51585145	A	T	A	B
10	51585145	A	T		B
10	51585145	A	T	A	B
1	166039573	G	A	A	B
X	83730290	T	G	A	B
